{
    "val": [
        {
            "val_avg_loss": 8.207860946655273,
            "val_avg_gen_time": 7.118012968450785,
            "val_avg_gen_len": 128.0,
            "step_count": 1,
            "F1": "9.86",
            "PPL": "3669.6844"
        }
    ]
}