{
    "val": [
        {
            "val_avg_loss": 5.785446643829346,
            "val_avg_gen_time": 4.618114341050386,
            "val_avg_gen_len": 111.0,
            "step_count": 1,
            "F1": "14.66",
            "PPL": "325.5274"
        }
    ]
}